Model,R2,MAE,RMSE,CV_R2
Random Forest,0.9903290703276776,13.441227614247357,17.635114592291075,0.8458231900052352
Gradient Boosting,0.9874243883163552,13.834814176173927,20.109845442350505,0.8249272014067122
XGBoost,0.9891962428654998,14.483140028916397,18.639385044778408,0.8861498529086956
